Holiday,2026,2027,2028,2029,2030
New Year's Day,January 1,January 1,January 1*,January 1,January 1
Martin Luther King Jr. Day,January 19,January 18,January 17,January 15,January 21
Washington's Birthday (Presidents Day),February 16,February 15,February 21,February 19,February 18
Memorial Day,May 25,May 31,May 29,May 28,May 27
Juneteenth National Independence Day,June 19,June 19*,June 19,June 19,June 19
Independence Day,July 4*,July 4**,July 4,July 4,July 4
Labor Day,September 7,September 6,September 4,September 3,September 2
Columbus Day,October 12,October 11,October 9,October 8,October 14
Veterans Day,November 11,November 11,November 11*,November 11**,November 11
Thanksgiving Day,November 26,November 25,November 23,November 22,November 28
Christmas Day,December 25,December 25*,December 25,December 25,December 25
